,station_id,station_name,station_state,lon,lat,alt
0,3,Aachen,Nordrhein-Westfalen,50.7827,6.0941,202
1,44,Großenkneten,Niedersachsen,52.9336,8.237,44
2,52,Ahrensburg-Wulfsdorf,Schleswig-Holstein,53.6623,10.199,46
3,71,Albstadt-Badkap,Baden-Württemberg,48.2156,8.9784,759
4,73,Aldersbach-Kriestorf,Bayern,48.6159,13.0506,340
5,78,Alfhausen,Niedersachsen,52.4853,7.9126,65
6,91,Alsfeld-Eifa,Hessen,50.7446,9.345,300
7,96,Neuruppin-Alt Ruppin,Brandenburg,52.9437,12.8518,50
8,102,Leuchtturm Alte Weser,Niedersachsen,53.8633,8.1275,32
9,106,Altenau,Niedersachsen,51.7976,10.4429,500
10,125,Altenstadt,Bayern,47.8342,10.8667,756
11,131,Geringswalde-Altgeringswalde,Sachsen,51.0881,12.9326,296
12,142,Altomünster-Maisbrunn,Bayern,48.406000000000006,11.3117,511
13,150,Alzey,Rheinland-Pfalz,49.7273,8.1164,215
14,151,Amberg-Unterammersricht,Bayern,49.4691,11.8546,382
15,154,Amerang-Pfaffing,Bayern,48.0197,12.2925,516
16,161,Andernach,Rheinland-Pfalz,50.4237,7.4202,75
17,164,Angermünde,Brandenburg,53.0316,13.9908,54
18,167,Anklam,Mecklenburg-Vorpommern,53.8412,13.6846,9
19,175,Ansbach,Bayern,49.2964,10.5751,413
20,181,Arendsee,Sachsen-Anhalt,52.8761,11.5042,30
21,183,Arkona,Mecklenburg-Vorpommern,54.6792,13.4343,42
22,191,Arnstein-Müdesheim,Bayern,49.9694,9.9114,217
23,198,Artern,Thüringen,51.3745,11.292,164
24,217,Attenkam,Bayern,47.8774,11.3643,670
25,222,Aue,Sachsen,50.5908,12.7139,393
26,232,Augsburg,Bayern,48.4253,10.9417,462
27,257,Baden-Baden-Geroldsau,Baden-Württemberg,48.727,8.2457,240
28,259,Müllheim,Baden-Württemberg,47.8064,7.6387,273
29,268,Baiersbronn-Obertal,Baden-Württemberg,48.5293,8.2727,622
30,282,Bamberg,Bayern,49.8743,10.9206,240
31,284,Bamberg (Sternwarte),Bayern,49.88,10.88,282
32,294,Barsinghausen-Hohenbostel,Niedersachsen,52.3199,9.43,110
33,298,Barth,Mecklenburg-Vorpommern,54.3406,12.7108,3
34,303,Baruth,Brandenburg,52.0614,13.4996,55
35,314,"Kubschütz, Kr. Bautzen",Sachsen,51.1604,14.5042,234
36,320,Heinersreuth-Vollhof,Bayern,49.9667,11.5197,350
37,326,Beckum-Unterberg,Nordrhein-Westfalen,51.7204,8.0577,120
38,330,Oberzent-Beerfelden,Hessen,49.5617,8.9673,455
39,342,Belm,Niedersachsen,52.317,8.1694,103
40,348,Bendorf,Rheinland-Pfalz,50.4135,7.5886,127
41,350,Benneckenstein,Sachsen-Anhalt,51.6715,10.7268,540
42,361,Berchtesgaden (KKst),Bayern,47.6344,13.0109,550
43,368,Bergen,Niedersachsen,52.8152,9.9248,70
44,377,"Bergzabern, Bad",Rheinland-Pfalz,49.107,7.9967,210
45,379,"Berka, Bad (Flugplatz)",Thüringen,50.9074,11.2665,303
46,390,"Berleburg, Bad-Stünzel",Nordrhein-Westfalen,50.9837,8.3683,610
47,399,Berlin-Alexanderplatz,Berlin,52.5198,13.4057,36
48,400,Berlin-Buch,Berlin,52.6309,13.5022,60
49,403,Berlin-Dahlem (FU),Berlin,52.4537,13.3017,51
50,410,Berlin-Kaniswall,Berlin,52.403999999999996,13.7309,33
51,420,Berlin-Marzahn,Berlin,52.5447,13.5598,60
52,424,Berlin-Ostkreuz,Berlin,52.5,13.4667,36
53,427,Berlin-Brandenburg,Brandenburg,52.3807,13.5306,46
54,430,Berlin-Tegel,Berlin,52.5644,13.3088,36
55,433,Berlin-Tempelhof,Berlin,52.4675,13.4021,48
56,445,Bernburg/Saale (Nord),Sachsen-Anhalt,51.8218,11.711,85
57,450,Bernkastel-Kues,Rheinland-Pfalz,49.9186,7.0664,120
58,460,Berus,Saarland,49.2641,6.6868,363
59,474,Warthausen-Birkenhard,Baden-Württemberg,48.1252,9.7639,599
60,535,Blankenrath,Rheinland-Pfalz,50.0372,7.3079,417
61,553,Bocholt (Marienschule),Nordrhein-Westfalen,51.838,6.6107,25
62,554,Bocholt-Liedern (Wasserwerk),Nordrhein-Westfalen,51.8293,6.5365,23
63,555,Bochum,Nordrhein-Westfalen,51.4789,7.2697,101
64,591,Boizenburg,Mecklenburg-Vorpommern,53.3911,10.6878,45
65,596,Boltenhagen,Mecklenburg-Vorpommern,54.0028,11.1908,15
66,598,Bonn,Nordrhein-Westfalen,50.7285,7.0839,62
67,599,Bonn-Friesdorf,Nordrhein-Westfalen,50.7055,7.1467,62
68,601,Bonn-Hardthöhe,Nordrhein-Westfalen,50.6983,7.0356,158
69,603,Königswinter-Heiderhof,Nordrhein-Westfalen,50.7293,7.204,147
70,617,Borken in Westfalen,Nordrhein-Westfalen,51.873000000000005,6.8863,47
71,656,Braunlage,Niedersachsen,51.7234,10.6021,607
72,662,Braunschweig,Niedersachsen,52.2915,10.4464,81
73,685,Breitsol,Bayern,49.9017,9.4281,585
74,691,Bremen,Bremen,53.045,8.7979,4
75,701,Bremerhaven,Bremen,53.5332,8.5761,7
76,704,Bremervörde,Niedersachsen,53.4451,9.139,11
77,722,Brocken,Sachsen-Anhalt,51.7986,10.6183,1134
78,755,"Buchen, Kr. Neckar-Odenwald",Baden-Württemberg,49.5182,9.3213,340
79,757,Buchenbach,Baden-Württemberg,47.9625,7.9983,445
80,760,Rosengarten-Klecken,Niedersachsen,53.3629,9.9435,82
81,766,Büchel (Flugplatz),Rheinland-Pfalz,50.1746,7.0595,477
82,769,Bückeburg,Niedersachsen,52.2817,9.0889,68
83,817,Burgwald-Bottendorf,Hessen,51.0306,8.8146,293
84,840,Carlsfeld,Sachsen,50.4313,12.6114,897
85,850,Celle,Niedersachsen,52.5959,10.0296,39
86,853,Chemnitz,Sachsen,50.7913,12.872,418
87,856,Chieming,Bayern,47.8843,12.5404,551
88,863,Clausthal-Zellerfeld,Niedersachsen,51.7904,10.347,585
89,867,Lautertal-Oberlauter,Bayern,50.3066,10.9679,344
90,876,Collmberg,Sachsen,51.303999999999995,13.0096,314
91,879,Cottbus (Flugplatz),Brandenburg,51.7667,14.2833,68
92,880,Cottbus,Brandenburg,51.776,14.3168,69
93,891,Cuxhaven,Niedersachsen,53.8713,8.7058,5
94,896,Dachwig,Thüringen,51.0778,10.8619,170
95,917,Darmstadt,Hessen,49.8809,8.6779,162
96,919,Darmstadt-Botanischer Garten,Hessen,49.8697,8.6796,169
97,920,Darmstadt (US-Air-Base),Hessen,49.8564,8.5929,108
98,953,Deuselbach,Rheinland-Pfalz,49.7619,7.0542,481
99,954,UFS Deutsche Bucht,Hamburg,54.1796,7.4587,0
100,963,Diepholz,Niedersachsen,52.5881,8.3424,38
101,979,Dillenburg,Hessen,50.7364,8.2672,314
102,982,Dillingen/Donau,Bayern,48.5701,10.4985,420
103,983,Dillingen/Donau-Fristingen,Bayern,48.5562,10.5599,419
104,991,Dippoldiswalde-Reinberg,Sachsen,50.9116,13.7087,359
105,998,Dobel,Baden-Württemberg,48.7968,8.4921,696
106,1001,Doberlug-Kirchhain,Brandenburg,51.6451,13.5747,97
107,1048,Dresden-Klotzsche,Sachsen,51.128,13.7543,227
108,1050,Dresden-Hosterwitz,Sachsen,51.0221,13.847,114
109,1051,Dresden-Strehlen,Sachsen,51.0248,13.775,120
110,1052,Drewitz bei Burg,Sachsen-Anhalt,52.2174,12.1641,80
111,1072,"Dürkheim, Bad",Rheinland-Pfalz,49.4719,8.1929,107
112,1076,"Dürrheim, Bad",Baden-Württemberg,48.0135,8.5343,692
113,1078,Düsseldorf,Nordrhein-Westfalen,51.29600000000001,6.7686,37
114,1103,Ebersberg-Halbing,Bayern,48.1003,11.9872,592
115,1107,Ebrach,Bayern,49.852,10.4991,346
116,1130,Eggebek,Schleswig-Holstein,54.6282,9.3649,17
117,1161,Eichstätt-Landershofen,Bayern,48.8777,11.2349,384
118,1197,Ellwangen-Rindelbach,Baden-Württemberg,48.9895,10.1312,460
119,1200,Elpersbüttel,Schleswig-Holstein,54.0691,9.0105,3
120,1207,"Elster, Bad-Sohl",Sachsen,50.2705,12.2742,558
121,1214,Elzach-Fisnacht,Baden-Württemberg,48.2012,8.1088,431
122,1219,Emden-Nesserland,Niedersachsen,53.3449,7.1909,5
123,1221,Emden-Wolthusen,Niedersachsen,53.3707,7.2236,0
124,1224,Emmendingen-Mundingen,Baden-Württemberg,48.1378,7.8351,201
125,1228,UFS TW Ems,Hamburg,54.1651,6.346,0
126,1239,Engen/Hegau,Baden-Württemberg,47.8516,8.7673,540
127,1246,Ennigerloh-Ostenfelde,Nordrhein-Westfalen,51.8418,8.0607,104
128,1255,Eppingen-Elsenz,Baden-Württemberg,49.1664,8.8523,220
129,1262,München-Flughafen,Bayern,48.3477,11.8134,446
130,1266,Erfde,Schleswig-Holstein,54.2992,9.3162,18
131,1270,Erfurt-Weimar,Thüringen,50.9829,10.9608,316
132,1279,Möhrendorf-Kleinseebach,Bayern,49.6497,11.0074,268
133,1281,Erlangen-Frauenaurach,Bayern,49.5653,10.9729,284
134,1297,Eschwege,Hessen,51.2041,10.0138,156
135,1300,Eslohe,Nordrhein-Westfalen,51.254,8.1565,351
136,1303,Essen-Bredeney,Nordrhein-Westfalen,51.4041,6.9677,150
137,1327,Weilerswist-Lommersum,Nordrhein-Westfalen,50.7119,6.7905,147
138,1332,"Falkenberg,Kr.Rottal-Inn",Bayern,48.4832,12.7241,471
139,1339,Faßberg,Niedersachsen,52.9157,10.1885,73
140,1341,Fehmarnbelt,Schleswig-Holstein,54.6,11.15,0
141,1346,Feldberg/Schwarzwald,Baden-Württemberg,47.8749,8.0038,1490
142,1357,Fichtelberg/Oberfranken-Hüttstadl,Bayern,49.9807,11.8376,654
143,1358,Fichtelberg,Sachsen,50.4283,12.9535,1213
144,1411,Birx/Rhön,Thüringen,50.5309,10.048,745
145,1420,Frankfurt/Main,Hessen,50.0259,8.5213,100
146,1421,Frankfurt/Main (Stadt),Hessen,50.1474,8.6746,125
147,1424,Frankfurt/Main-Westend,Hessen,50.1269,8.6694,124
148,1425,Frankfurt/Main (Feldbergstr.),Hessen,50.1213,8.6601,109
149,1426,Frankfurt/Oder,Brandenburg,52.3397,14.508,65
150,1443,Freiburg,Baden-Württemberg,48.0232,7.8343,237
151,1451,Freiburg/Elbe,Niedersachsen,53.8277,9.2493,2
152,1468,Freudenstadt,Baden-Württemberg,48.4538,8.409,797
153,1473,Freystadt-Michelbach,Bayern,49.1869,11.308,414
154,1490,Friedrichshafen,Baden-Württemberg,47.6454,9.4795,394
155,1503,Friesoythe-Altenoythe,Niedersachsen,53.0643,7.9022,6
156,1504,Fritzlar (Flugplatz),Hessen,51.119,9.2799,172
157,1515,Fürstenfeldbruck,Bayern,48.2,11.2667,519
158,1526,Fulda-Horas,Hessen,50.5668,9.6533,242
159,1544,Gardelegen,Sachsen-Anhalt,52.5129,11.3941,47
160,1550,Garmisch-Partenkirchen,Bayern,47.483000000000004,11.0621,719
161,1572,Geilenkirchen (Flugplatz),Nordrhein-Westfalen,50.9593,6.0392,80
162,1580,Geisenheim,Hessen,49.9859,7.9548,110
163,1583,Geisingberg,Sachsen,50.7719,13.7732,823
164,1584,Geisingen,Baden-Württemberg,47.9242,8.6473,672
165,1587,Gelbelsee,Bayern,48.9481,11.4289,536
166,1590,Geldern-Walbeck,Nordrhein-Westfalen,51.4942,6.2463,37
167,1602,Ohlsbach,Baden-Württemberg,48.433,7.993,177
168,1605,Genthin,Sachsen-Anhalt,52.3875,12.1601,35
169,1612,Gera-Leumnitz,Thüringen,50.8813,12.1289,311
170,1639,Gießen/Wettenberg,Hessen,50.6017,8.6439,203
171,1645,Gilserberg-Moischeid,Hessen,50.9656,9.05,340
172,1666,Glücksburg-Meierwik,Schleswig-Holstein,54.8273,9.5058,12
173,1684,Görlitz,Sachsen,51.1622,14.9506,238
174,1691,Göttingen,Niedersachsen,51.5002,9.9507,167
175,1694,Goldberg,Mecklenburg-Vorpommern,53.606,12.1033,58
176,1721,Gräfenberg-Kasberg,Bayern,49.663999999999994,11.2239,506
177,1735,Grainet-Rehberg,Bayern,48.7894,13.629,628
178,1736,Grambek,Schleswig-Holstein,53.5731,10.6797,27
179,1757,Greifswald,Mecklenburg-Vorpommern,54.0967,13.4056,2
180,1758,Greifswald-Wieck,Mecklenburg-Vorpommern,54.1,13.45,2
181,1759,Greifswalder Oie,Mecklenburg-Vorpommern,54.2437,13.9102,12
182,1766,Münster/Osnabrück,Nordrhein-Westfalen,52.1344,7.6969,48
183,1792,Groß Berßen,Niedersachsen,52.7553,7.4815,27
184,1803,Groß Lüsewitz,Mecklenburg-Vorpommern,54.0714,12.3238,34
185,1832,Großer Arber,Bayern,49.1129,13.1338,1436
186,1833,Grosser Falkenstein,Bayern,49.0851,13.2801,1307
187,1834,Grosser Inselsberg,Thüringen,50.8519,10.4665,913
188,1863,Gründau-Breitenborn,Hessen,50.2667,9.1854,258
189,1869,Grünow,Brandenburg,53.3153,13.9338,56
190,1886,Günzburg,Bayern,48.4878,10.2607,444
191,1892,Gütersloh (Flugplatz),Nordrhein-Westfalen,51.9298,8.3005,72
192,1902,Gunzenhausen (Altmühlsee),Bayern,49.1273,10.7448,413
193,1957,Halle-Kröllwitz,Sachsen-Anhalt,51.5138,11.9499,93
194,1960,Halle (Stadt),Sachsen-Anhalt,51.4831,11.9671,102
195,1964,Olsdorf,Rheinland-Pfalz,49.9445,6.3821,328
196,1975,Hamburg-Fuhlsbüttel,Hamburg,53.6332,9.9881,14
197,1981,Hamburg-Neuwiedenthal,Hamburg,53.4777,9.8957,3
198,2014,Hannover,Niedersachsen,52.4644,9.6779,59
199,2023,Harburg,Bayern,48.7918,10.7062,501
200,2039,"Harzburg, Bad",Niedersachsen,51.9002,10.5699,201
201,2044,Harzgerode,Sachsen-Anhalt,51.652,11.1367,404
202,2074,Hechingen,Baden-Württemberg,48.3752,8.98,518
203,2080,Heidelberg,Baden-Württemberg,49.4206,8.6676,110
204,2081,Königstuhl,Baden-Württemberg,49.3981,8.7251,561
205,2088,Heidenheim/Brenz,Baden-Württemberg,48.6765,10.1307,498
206,2110,Heinsberg-Schleiden,Nordrhein-Westfalen,51.0411,6.1042,57
207,2115,Helgoland,Schleswig-Holstein,54.175,7.892,4
208,2158,"Herrenalb, Bad",Baden-Württemberg,48.8042,8.443,350
209,2166,Herrnhut,Sachsen,51.0167,14.75,344
210,2167,Niederwörresbach,Rheinland-Pfalz,49.7672,7.3356,302
211,2171,"Hersfeld, Bad",Hessen,50.852,9.7377,272
212,2174,Herzberg,Niedersachsen,51.6255,10.3695,238
213,2201,Hiddensee-Vitte,Mecklenburg-Vorpommern,54.575,13.1044,1
214,2211,Hilgenroth,Rheinland-Pfalz,50.7371,7.6528,295
215,2244,Höchenschwand,Baden-Württemberg,47.7327,8.1627,1008
216,2252,Bertsdorf-Hörnitz,Sachsen,50.898999999999994,14.7457,270
217,2261,Hof,Bayern,50.3123,11.876,565
218,2290,Hohenpeißenberg,Bayern,47.8009,11.0108,977
219,2303,Hohn,Schleswig-Holstein,54.3146,9.539,10
220,2306,Hohwacht,Schleswig-Holstein,54.3194,10.6732,8
221,2315,Holzdorf (Flugplatz),Sachsen-Anhalt,51.7657,13.1666,81
222,2319,Holzkirchen,Bayern,47.8823,11.6961,685
223,2323,"Bevern, Kr. Holzminden",Niedersachsen,51.8529,9.4953,110
224,2338,Hopsten (Flugplatz),Nordrhein-Westfalen,52.3333,7.55,39
225,2362,Hümmerich,Rheinland-Pfalz,50.5651,7.4843,328
226,2374,Husum,Schleswig-Holstein,54.4752,9.0564,3
227,2385,Idar-Oberstein,Rheinland-Pfalz,49.6927,7.3264,376
228,2410,Ingolstadt (Flugplatz),Bayern,48.7112,11.5362,364
229,2423,Isny,Baden-Württemberg,47.6894,10.0416,712
230,2429,Itzehoe,Schleswig-Holstein,53.9897,9.5696,21
231,2437,Schleswig-Jagel,Schleswig-Holstein,54.457,9.5203,21
232,2444,Jena (Sternwarte),Thüringen,50.9251,11.583,155
233,2456,Jever,Niedersachsen,53.5322,7.8806,7
234,2477,Jungholz (Kühmoos),Baden-Württemberg,47.5938,7.9597,728
235,2480,Kahl/Main,Bayern,50.0643,8.993,108
236,2483,Kahler Asten,Nordrhein-Westfalen,51.1803,8.4891,839
237,2485,Kaisersbach-Cronhütte,Baden-Württemberg,48.917,9.6871,489
238,2486,Kaiserslautern,Rheinland-Pfalz,49.4262,7.7557,271
239,2488,Kaisheim-Neuhof,Bayern,48.7701,10.7876,516
240,2494,Kalkar,Nordrhein-Westfalen,51.7329,6.2688,31
241,2497,Kall-Sistig,Nordrhein-Westfalen,50.5014,6.5264,505
242,2503,Kaltennordheim,Thüringen,50.6266,10.1455,487
243,2521,Karlshuld,Bayern,48.6765,11.2961,374
244,2522,Karlsruhe,Baden-Württemberg,49.0382,8.3641,112
245,2532,Kassel,Hessen,51.2963,9.4424,231
246,2542,Kaufbeuren,Bayern,47.8652,10.6007,716
247,2559,Kempten,Bayern,47.7233,10.3348,705
248,2564,Kiel-Holtenau,Schleswig-Holstein,54.3776,10.1424,28
249,2565,Kiel-Kronshagen,Schleswig-Holstein,54.3378,10.0929,17
250,2575,Kirchberg/Jagst-Herboldshausen,Baden-Württemberg,49.1804,9.98,426
251,2578,Kirchdorf/Poel,Mecklenburg-Vorpommern,53.9995,11.4341,12
252,2597,"Kissingen, Bad",Bayern,50.224,10.0792,282
253,2600,Kitzingen,Bayern,49.7363,10.1781,193
254,2601,Kleiner Feldberg/Taunus,Hessen,50.2218,8.4469,826
255,2618,Kleiner Inselsberg,Thüringen,50.8458,10.4803,732
256,2627,Klettwitz,Brandenburg,51.5554,13.8845,128
257,2629,Kleve,Nordrhein-Westfalen,51.7612,6.0954,46
258,2638,Klippeneck,Baden-Württemberg,48.1054,8.7548,974
259,2641,Klitzschen bei Torgau,Sachsen,51.5185,12.9065,85
260,2656,Koblenz,Rheinland-Pfalz,50.3519,7.5906,96
261,2667,Köln-Bonn,Nordrhein-Westfalen,50.8646,7.1575,92
262,2680,"Königshofen, Bad",Bayern,50.284,10.4456,289
263,2691,Königsmoos-Untermaxfeld,Bayern,48.6707,11.2173,378
264,2693,Königstein/Taunus,Hessen,50.1855,8.4698,380
265,2700,Kösching,Bayern,48.8302,11.4872,416
266,2704,Köthen (Anhalt),Sachsen-Anhalt,51.7511,12.0094,76
267,2708,"Kohlgrub, Bad (Rosshof)",Bayern,47.6652,11.0805,742
268,2712,Konstanz,Baden-Württemberg,47.6952,9.1307,428
269,2738,Kreuth,Bayern,47.645,11.7442,800
270,2750,Kronach,Bayern,50.2523,11.3209,312
271,2761,Krumbach-Edenhausen,Bayern,48.251000000000005,10.4163,520
272,2773,Kümmersbruck,Bayern,49.4283,11.9016,417
273,2794,Kyritz,Brandenburg,52.9363,12.4093,40
274,2796,Laage (Flugplatz),Mecklenburg-Vorpommern,53.9156,12.279,40
275,2812,Lahr,Baden-Württemberg,48.3647,7.828,156
276,2814,Merklingen,Baden-Württemberg,48.5121,9.7645,685
277,2829,Landsberg (Flugplatz),Bayern,48.0772,10.9144,621
278,2843,Langen (BZ),Hessen,50.0075,8.6547,125
279,2856,Langenlipsdorf,Brandenburg,51.9173,13.0878,91
280,2878,"Lauchstädt, Bad",Sachsen-Anhalt,51.3909,11.8786,117
281,2886,Laupheim,Baden-Württemberg,48.2176,9.9097,539
282,2905,Lechfeld,Bayern,48.1849,10.8507,550
283,2907,Leck,Schleswig-Holstein,54.7903,8.9514,7
284,2920,Leiblfing,Bayern,48.7654,12.5121,365
285,2925,Leinefelde,Thüringen,51.3933,10.3123,356
286,2928,Leipzig-Holzhausen,Sachsen,51.3151,12.4462,138
287,2932,Leipzig/Halle,Sachsen,51.4348,12.2396,131
288,2947,Lennestadt-Theten,Nordrhein-Westfalen,51.1333,8.0348,286
289,2951,Lenzen/Elbe,Brandenburg,53.1007,11.4864,20
290,2953,Lenzkirch-Ruhbühl,Baden-Württemberg,47.8597,8.2308,852
291,2961,Leuchtturm Kiel,Schleswig-Holstein,54.4996,10.2737,31
292,2968,Köln-Stammheim,Nordrhein-Westfalen,50.9894,6.9777,43
293,2985,Lichtenhain-Mittelndorf,Sachsen,50.9383,14.2093,321
294,3015,Lindenberg,Brandenburg,52.2085,14.118,98
295,3023,Lingen,Niedersachsen,52.5181,7.3081,22
296,3028,"Lippspringe, Bad",Nordrhein-Westfalen,51.7854,8.8388,157
297,3031,Lippstadt-Bökenförde,Nordrhein-Westfalen,51.6336,8.3945,92
298,3032,List auf Sylt,Schleswig-Holstein,55.011,8.4125,25
299,3034,"Lobenstein, Bad",Thüringen,50.4505,11.635,496
300,3042,Löhnberg-Obershausen,Hessen,50.5617,8.2386,230
301,3044,Löningen,Niedersachsen,52.7198,7.7472,22
302,3083,Lübben-Blumenfelde,Brandenburg,51.9267,13.8797,57
303,3085,Lübeck,Schleswig-Holstein,53.8773,10.6915,15
304,3086,Lübeck-Blankensee,Schleswig-Holstein,53.8025,10.6989,15
305,3093,Lüchow,Niedersachsen,52.9724,11.1374,16
306,3098,Lüdenscheid,Nordrhein-Westfalen,51.2452,7.6425,387
307,3126,Magdeburg,Sachsen-Anhalt,52.1029,11.5827,79
308,3137,Mainz-Lerchenberg (ZDF),Rheinland-Pfalz,49.9656,8.2139,195
309,3139,Maisach-Gernlinden,Bayern,48.2166,11.2965,509
310,3145,"Malente, Bad-Gremsmühlen",Schleswig-Holstein,54.18,10.5528,30
311,3147,Mallersdorf-Pfaffenberg/Niederbayern,Bayern,48.7725,12.2179,418
312,3155,Manderscheid-Sonnenhof,Rheinland-Pfalz,50.1015,6.8009,413
313,3158,Manschnow,Brandenburg,52.5468,14.5452,12
314,3164,"Cölbe, Kr. Marburg-Biedenkopf",Hessen,50.8492,8.7746,187
315,3166,Marienberg,Sachsen,50.651,13.1469,639
316,3167,"Marienberg, Bad",Rheinland-Pfalz,50.6621,7.9603,547
317,3170,Marienleuchte,Schleswig-Holstein,54.4937,11.2405,5
318,3196,Marnitz,Mecklenburg-Vorpommern,53.3223,11.9319,81
319,3204,Martinroda,Thüringen,50.7335,10.8815,429
320,3226,Aschersleben-Mehringen,Sachsen-Anhalt,51.7259,11.5109,107
321,3231,Meiningen,Thüringen,50.5612,10.3771,450
322,3234,Garsebach bei Meißen,Sachsen,51.1294,13.4328,158
323,3244,Memmingen,Bayern,47.982,10.1384,615
324,3245,Memmingen (Flugplatz),Bayern,47.9833,10.2333,630
325,3246,Mendig,Rheinland-Pfalz,50.3667,7.3167,181
326,3254,Meppen,Niedersachsen,52.7156,7.3176,19
327,3257,"Mergentheim, Bad-Neunkirchen",Baden-Württemberg,49.4773,9.7622,250
328,3268,Meßstetten-Appental,Baden-Württemberg,48.1694,8.9433,900
329,3271,Metten,Bayern,48.8548,12.9189,314
330,3274,Mettlach-Orscholz (Kurort),Saarland,49.507,6.5215,415
331,3278,Metzingen,Baden-Württemberg,48.5377,9.2734,354
332,3284,Michelstadt,Hessen,49.6691,9.0085,240
333,3287,Michelstadt-Vielbrunn,Hessen,49.7176,9.0997,453
334,3289,Schmieritz-Weltwitz,Thüringen,50.7281,11.7838,356
335,3307,Mittenwald-Buckelwiesen,Bayern,47.4779,11.2653,984
336,3319,Röllbach,Bayern,49.7644,9.253,239
337,3340,Montabaur,Rheinland-Pfalz,50.4383,7.8061,265
338,3348,Moringen-Lutterbeck,Niedersachsen,51.7209,9.8352,240
339,3362,Mühlacker,Baden-Württemberg,48.9721,8.8734,244
340,3366,Mühldorf,Bayern,48.278999999999996,12.5024,406
341,3376,Müncheberg,Brandenburg,52.5176,14.1232,63
342,3379,München-Stadt,Bayern,48.1632,11.5429,515
343,3382,München-Bogenhausen,Bayern,48.1441,11.6,521
344,3385,München-Nymphenburg,Bayern,48.166000000000004,11.5011,515
345,3390,München-Riem,Bayern,48.1369,11.7094,529
346,3402,Münsingen-Apfelstetten,Baden-Württemberg,48.3851,9.4837,750
347,3404,Münster,Nordrhein-Westfalen,51.9494,7.5906,62
348,3426,"Muskau, Bad",Sachsen,51.566,14.7008,127
349,3442,"Nauheim, Bad",Hessen,50.3574,8.7506,149
350,3478,Neubrandenburg,Mecklenburg-Vorpommern,53.5468,13.1914,81
351,3484,Neuburg/Donau (Flugplatz),Bayern,48.7086,11.2147,380
352,3485,Neuburg/Kammel-Langenhaslach,Bayern,48.3115,10.3773,486
353,3490,"Neuenahr, Bad-Ahrweiler",Rheinland-Pfalz,50.5346,7.0853,111
354,3509,Menz,Brandenburg,53.102,13.0421,77
355,3513,Neuhaus am Rennweg,Thüringen,50.5002,11.1344,845
356,3527,Neukirchen-Hauptschwenda,Hessen,50.8923,9.405,500
357,3540,Neunkirchen-Seelscheid-Krawinkel,Nordrhein-Westfalen,50.8446,7.372,195
358,3545,Neunkirchen-Wellesweiler,Saarland,49.343999999999994,7.2297,236
359,3552,Neuruppin,Brandenburg,52.9037,12.8072,38
360,3571,Neustadt am Kulm-Filchendorf,Bayern,49.8174,11.8638,452
361,3575,Neustadt/Weinstraße,Rheinland-Pfalz,49.357,8.1405,163
362,3577,Neustrelitz,Mecklenburg-Vorpommern,53.3585,13.0502,64
363,3591,Nideggen-Schmidt,Nordrhein-Westfalen,50.6743,6.424,350
364,3603,Niederstetten,Baden-Württemberg,49.3895,9.9667,459
365,3605,Niederstotzingen,Baden-Württemberg,48.5334,10.2427,451
366,3612,Nienburg,Niedersachsen,52.6711,9.2229,25
367,3621,Reimlingen,Bayern,48.8253,10.5067,435
368,3623,Nörvenich (Flugplatz),Nordrhein-Westfalen,50.8294,6.6602,111
369,3631,Norderney,Niedersachsen,53.7123,7.1519,12
370,3639,Nordholz (Flugplatz),Niedersachsen,53.7647,8.6583,25
371,3659,Nürburg,Rheinland-Pfalz,50.3391,6.9501,627
372,3660,Nürburg-Barweiler,Rheinland-Pfalz,50.3602,6.8697,485
373,3667,Nürnberg-Netzstall,Bayern,49.4258,11.2538,368
374,3668,Nürnberg,Bayern,49.503,11.0549,314
375,3671,Nürtingen,Baden-Württemberg,48.6321,9.3261,280
376,3679,Kiefersfelden-Gach,Bayern,47.6187,12.1665,518
377,3702,Münstertal-Obermünstertal,Baden-Württemberg,47.878,7.8288,515
378,3730,Oberstdorf,Bayern,47.3984,10.2759,806
379,3734,Obersulm-Willsbach,Baden-Württemberg,49.128,9.3525,230
380,3739,Oberviechtach,Bayern,49.4521,12.4365,596
381,3761,Öhringen,Baden-Württemberg,49.207,9.5176,276
382,3791,Oldenburg,Niedersachsen,53.1763,8.1824,11
383,3811,Oschatz,Sachsen,51.29600000000001,13.0928,150
384,3815,Osnabrück,Niedersachsen,52.2553,8.0534,95
385,3821,Osterfeld,Sachsen-Anhalt,51.0873,11.9292,246
386,3836,Ostheim v.d. Rhön,Bayern,50.4538,10.2211,314
387,3857,Oy-Mittelberg-Petersthal,Bayern,47.6362,10.3892,886
388,3875,Parsberg/Oberpfalz-Eglwang,Bayern,49.151,11.6896,549
389,3879,Passau-Oberhaus,Bayern,48.5779,13.4694,409
390,3897,Pelzerhaken,Schleswig-Holstein,54.0893,10.8773,2
391,3904,Perl-Nennig,Saarland,49.5354,6.3789,152
392,3925,Pforzheim-Ispringen,Baden-Württemberg,48.9329,8.6973,332
393,3927,Pfullendorf,Baden-Württemberg,47.9345,9.2869,630
394,3939,Pirmasens,Rheinland-Pfalz,49.1912,7.5879,385
395,3946,Plauen,Sachsen,50.4819,12.13,386
396,3975,Pommelsbrunn-Mittelburg,Bayern,49.4777,11.5357,522
397,3987,Potsdam,Brandenburg,52.3813,13.0622,81
398,4018,Puch,Bayern,48.1877,11.2206,550
399,4024,Putbus,Mecklenburg-Vorpommern,54.3643,13.4771,40
400,4032,Quedlinburg,Sachsen-Anhalt,51.7953,11.132,142
401,4036,Querfurt-Mühle Lodersleben,Sachsen-Anhalt,51.3895,11.5412,204
402,4039,Quickborn,Schleswig-Holstein,53.7331,9.8776,11
403,4063,Rahden-Kleinendorf,Nordrhein-Westfalen,52.4461,8.5906,41
404,4094,"Weingarten, Kr. Ravensburg",Baden-Württemberg,47.8062,9.6206,440
405,4104,Regensburg,Bayern,49.0425,12.1019,365
406,4127,Reichshof-Eckenhagen,Nordrhein-Westfalen,50.9906,7.6958,347
407,4154,Remscheid-Lennep,Nordrhein-Westfalen,51.18,7.2505,345
408,4160,Renningen-Ihinger Hof,Baden-Württemberg,48.7425,8.924,478
409,4169,Rheinau-Memprechtshofen,Baden-Württemberg,48.6703,7.9939,131
410,4174,Rheine-Bentlage,Nordrhein-Westfalen,52.2887,7.3866,40
411,4175,Rheinfelden,Baden-Württemberg,47.559,7.7721,282
412,4177,Rheinstetten,Baden-Württemberg,48.9726,8.3301,116
413,4189,"Altheim, Kreis Biberach",Baden-Württemberg,48.1479,9.4596,533
414,4261,Rosenheim,Bayern,47.8753,12.128,442
415,4271,Rostock-Warnemünde,Mecklenburg-Vorpommern,54.1803,12.0808,4
416,4275,Rotenburg (Wümme),Niedersachsen,53.1288,9.3398,32
417,4280,Roth,Bayern,49.2162,11.1035,386
418,4287,Rothenburg ob der Tauber,Bayern,49.3848,10.1732,415
419,4294,Rottenburg-Kiebingen,Baden-Württemberg,48.4704,8.9687,360
420,4300,Rottweil,Baden-Württemberg,48.1814,8.6356,588
421,4301,"Kreuznach, Bad",Rheinland-Pfalz,49.8502,7.871,102
422,4323,Ruppertsecken,Rheinland-Pfalz,49.6468,7.8837,461
423,4336,Saarbrücken-Ensheim,Saarland,49.2128,7.1077,320
424,4339,Saarbrücken-Sankt Johann,Saarland,49.2231,7.0168,193
425,4347,"Sachsa, Bad",Niedersachsen,51.5909,10.5691,292
426,4349,Sachsenheim,Baden-Württemberg,48.9569,9.071,248
427,4350,"Säckingen, Bad",Baden-Württemberg,47.5619,7.9399,339
428,4354,Saldenburg-Entschenreuth,Bayern,48.7832,13.3146,457
429,4371,"Salzuflen, Bad",Nordrhein-Westfalen,52.1042,8.7521,135
430,4373,Salzwedel,Sachsen-Anhalt,52.8568,11.1319,29
431,4377,Sandberg,Bayern,50.3518,10.0034,518
432,4393,Sankt Peter-Ording,Schleswig-Holstein,54.3279,8.6031,5
433,4411,Schaafheim-Schlierbach,Hessen,49.9195,8.9671,155
434,4445,Wernigerode-Schierke,Sachsen-Anhalt,51.7658,10.6533,609
435,4464,Schleiz,Thüringen,50.5679,11.8041,501
436,4466,Schleswig,Schleswig-Holstein,54.5275,9.5487,43
437,4477,Schluchsee,Baden-Württemberg,47.8208,8.186,993
438,4480,Schlüchtern-Herolz,Hessen,50.3447,9.5534,230
439,4485,"Schmalkalden, Kurort",Thüringen,50.725,10.4539,296
440,4501,Schmücke,Thüringen,50.6546,10.7693,937
441,4508,Schneifelforsthaus,Rheinland-Pfalz,50.2968,6.4194,649
442,4517,"Schömberg, Kr. Calw",Baden-Württemberg,48.7859,8.6451,635
443,4548,Schönwald/Ofr.-Brunn,Bayern,50.1847,12.0791,608
444,4559,Schorndorf-Knöbling,Bayern,49.1644,12.6175,398
445,4560,Schotten,Hessen,50.4925,9.1226,265
446,4584,Schwaigermoos,Bayern,48.3667,11.8,444
447,4592,Schwandorf,Bayern,49.3278,12.0871,356
448,4605,Schwarzburg,Thüringen,50.6441,11.1936,277
449,4625,Schwerin,Mecklenburg-Vorpommern,53.6425,11.3872,59
450,4629,Schwesing,Schleswig-Holstein,54.5166,9.142,37
451,4642,Seehausen,Sachsen-Anhalt,52.8911,11.7297,21
452,4651,Seesen,Niedersachsen,51.903999999999996,10.1885,186
453,4692,Siegen (Kläranlage),Nordrhein-Westfalen,50.8534,7.9966,229
454,4702,Sigmaringen (Flugplatz),Baden-Württemberg,48.1,9.25,645
455,4703,Sigmaringen-Laiz,Baden-Württemberg,48.0719,9.1943,581
456,4704,Sigmarszell-Zeisertsweiler,Bayern,47.5776,9.7404,507
457,4706,Simbach/Inn,Bayern,48.2718,13.0273,358
458,4709,Simmern-Wahlbach,Rheinland-Pfalz,49.9996,7.5981,445
459,4719,Sinsheim,Baden-Württemberg,49.2447,8.8787,169
460,4745,Soltau,Niedersachsen,52.9604,9.793,75
461,4748,Sondershausen,Thüringen,51.352,10.9059,221
462,4752,Sonneberg-Neufang,Thüringen,50.3746,11.1828,626
463,4763,Sontra,Hessen,51.0607,9.9266,265
464,4813,"Staffelstein, Bad-Stublang",Bayern,50.0806,11.0466,318
465,4841,"Steinau, Kr. Cuxhaven",Niedersachsen,53.6946,8.8735,1
466,4857,Mittelnkirchen-Hohenfelde,Niedersachsen,53.5534,9.6097,1
467,4878,Oberharz am Brocken-Stiege,Sachsen-Anhalt,51.6646,10.8811,504
468,4887,Stötten,Baden-Württemberg,48.6656,9.8648,734
469,4896,Wagersrott,Schleswig-Holstein,54.6654,9.805,40
470,4911,Straubing,Bayern,48.8275,12.5597,351
471,4926,Stuttgart (Neckartal),Baden-Württemberg,48.7896,9.2167,224
472,4927,Stuttgart-Stadt,Baden-Württemberg,48.7693,9.1814,286
473,4928,Stuttgart (Schnarrenberg),Baden-Württemberg,48.8281,9.2,314
474,4931,Stuttgart-Echterdingen,Baden-Württemberg,48.6883,9.2235,371
475,4933,Stuttgart-Hohenheim,Baden-Württemberg,48.7091,9.2147,401
476,4978,Tann/Rhön,Hessen,50.638999999999996,10.0228,395
477,4997,Starkenberg-Tegkwitz,Thüringen,50.9771,12.3419,196
478,5009,Teterow,Mecklenburg-Vorpommern,53.761,12.5574,38
479,5014,Worpswede-Hüttenbusch,Niedersachsen,53.2758,8.9857,7
480,5017,Teuschnitz,Bayern,50.4002,11.3889,633
481,5029,Tholey,Saarland,49.4737,7.0385,386
482,5046,Tirschenreuth-Lodermühl,Bayern,49.8576,12.3542,501
483,5049,Titisee-Neustadt-Titisee,Baden-Württemberg,47.8991,8.146,846
484,5064,Tönisvorst,Nordrhein-Westfalen,51.2897,6.4437,37
485,5068,Torgau,Sachsen,51.5833,13.0,80
486,5097,Tribsees,Mecklenburg-Vorpommern,54.0661,12.7675,10
487,5099,Trier-Zewen,Rheinland-Pfalz,49.7326,6.6131,132
488,5100,Trier-Petrisberg,Rheinland-Pfalz,49.7479,6.6583,265
489,5109,Trollenhagen,Mecklenburg-Vorpommern,53.5997,13.3039,69
490,5111,Trostberg,Bayern,48.0311,12.5396,560
491,5133,Twistetal-Mühlhausen,Hessen,51.3344,8.9132,295
492,5142,Ueckermünde,Mecklenburg-Vorpommern,53.7444,14.0697,1
493,5146,Uelzen,Niedersachsen,52.9414,10.5289,50
494,5149,Gollhofen,Bayern,49.5741,10.1915,306
495,5155,Ulm,Baden-Württemberg,48.3837,9.9524,567
496,5158,Ummendorf,Sachsen-Anhalt,52.1601,11.1759,162
497,5229,Villingen-Schwenningen,Baden-Württemberg,48.0453,8.4608,719
498,5275,Waghäusel-Kirrlach,Baden-Württemberg,49.2445,8.5374,105
499,5277,Wahlen,Hessen,50.8119,9.128,349
500,5279,Wesertal-Lippoldsberg,Hessen,51.6194,9.5749,176
501,5280,Wittenborn,Schleswig-Holstein,53.9224,10.2267,35
502,5282,Wahnsdorf bei Dresden,Sachsen,51.1197,13.6744,246
503,5300,Waldems-Reinborn,Hessen,50.2596,8.3607,380
504,5335,Waltershausen,Thüringen,50.8963,10.5484,348
505,5347,Warburg,Nordrhein-Westfalen,51.5039,9.1118,236
506,5349,Waren (Müritz),Mecklenburg-Vorpommern,53.5196,12.6654,73
507,5371,Wasserkuppe,Hessen,50.4973,9.9427,921
508,5397,Weiden,Bayern,49.6663,12.1845,440
509,5404,Weihenstephan-Dürnast,Bayern,48.4024,11.6946,477
510,5419,Weimar,Thüringen,50.9751,11.3076,264
511,5424,Weimar-Schöndorf,Thüringen,51.0177,11.3544,328
512,5426,Weinbiet,Rheinland-Pfalz,49.3758,8.1213,553
513,5431,Weisen bei Wittenberge,Sachsen-Anhalt,53.0333,11.8,24
514,5433,Weiskirchen/Saar,Saarland,49.5534,6.812,380
515,5440,Weißenburg-Emetzheim,Bayern,49.0115,10.9308,439
516,5467,Wendelstein,Bayern,47.7035,12.0119,1832
517,5480,Werl,Nordrhein-Westfalen,51.5763,7.8879,85
518,5490,Wernigerode,Sachsen-Anhalt,51.8454,10.7686,233
519,5516,Fehmarn,Schleswig-Holstein,54.5283,11.0606,3
520,5538,Wielenbach (Demollstr.),Bayern,47.8827,11.1576,551
521,5541,Wiesbaden-Auringen,Hessen,50.132,8.317,263
522,5546,Wiesenburg,Brandenburg,52.1207,12.4585,187
523,5562,Neubulach-Oberhaugstett,Baden-Württemberg,48.6516,8.6801,570
524,5629,Wittenberg,Sachsen-Anhalt,51.8892,12.6445,105
525,5640,Wittmundhafen,Niedersachsen,53.5504,7.6672,8
526,5643,Wittstock-Rote Mühle,Brandenburg,53.1864,12.4949,66
527,5663,Woldegk,Mecklenburg-Vorpommern,53.4618,13.6099,118
528,5664,Wolfach,Baden-Württemberg,48.2953,8.2391,296
529,5665,Wolfegg,Baden-Württemberg,47.818000000000005,9.797,677
530,5676,Wolfsburg (Südwest),Niedersachsen,52.3962,10.6892,82
531,5688,Dachsberg-Wolpadingen,Baden-Württemberg,47.7003,8.1057,880
532,5692,Worms,Rheinland-Pfalz,49.6051,8.3659,88
533,5705,Würzburg,Bayern,49.7704,9.9576,268
534,5715,Wunstorf,Niedersachsen,52.4605,9.4311,57
535,5717,Wuppertal-Buchenhofen,Nordrhein-Westfalen,51.2256,7.1052,134
536,5719,Remscheid,Nordrhein-Westfalen,51.2051,7.2,235
537,5731,Wutöschingen-Ofteringen,Baden-Württemberg,47.6783,8.3801,398
538,5732,Wrixum/Föhr,Schleswig-Holstein,54.6928,8.5271,8
539,5745,Zehdenick,Brandenburg,52.9664,13.3268,51
540,5750,Zeitz,Sachsen-Anhalt,51.0314,12.1495,264
541,5779,Zinnwald-Georgenfeld,Sachsen,50.7314,13.7516,877
542,5792,Zugspitze,Bayern,47.42100000000001,10.9848,2965
543,5797,Lichtentanne,Sachsen,50.6879,12.4329,349
544,5800,Zwiesel,Bayern,49.028,13.2385,615
545,5802,Zwieselberg,Bayern,49.0007,13.2137,615
546,5822,Bassum,Niedersachsen,52.863,8.6988,40
547,5825,Berge,Brandenburg,52.6198,12.7867,40
548,5832,Dannenberg,Niedersachsen,53.1007,11.0455,50
549,5839,Emden,Niedersachsen,53.3881,7.2287,0
550,5856,Fürstenzell,Bayern,48.5451,13.3532,476
551,5871,Hahn,Rheinland-Pfalz,49.9462,7.2645,497
552,5906,Mannheim,Baden-Württemberg,49.5062,8.5585,98
553,5930,Schönhagen (Ostseebad),Schleswig-Holstein,54.641000000000005,10.0238,1
554,5941,Reit im Winkl,Bayern,47.6754,12.4698,686
555,6093,Wendisch Evern,Niedersachsen,53.2139,10.4704,62
556,6105,Ostenfeld (Rendsburg),Schleswig-Holstein,54.3194,9.8051,14
557,6109,Grambow-Schwennenz,Mecklenburg-Vorpommern,53.3837,14.3728,50
558,6129,Sohland/Spree,Sachsen,51.0593,14.4266,290
559,6157,Wangerland-Hooksiel,Niedersachsen,53.641000000000005,8.0808,8
560,6158,Weidenbach-Weiherschneidbach,Bayern,49.2247,10.6084,455
561,6159,Dörpen,Niedersachsen,52.9542,7.3196,8
562,6163,Dörnick,Schleswig-Holstein,54.1654,10.3519,27
563,6170,Coschen,Brandenburg,52.0192,14.7254,40
564,6182,Mallersdorf-Pfaffenberg,Bayern,48.7757,12.1743,404
565,6184,Wilhelmshaven (Flugplatz),Niedersachsen,53.5333,8.1667,6
566,6186,Nastätten,Rheinland-Pfalz,50.1989,7.8651,268
567,6192,"Münster am Stein, Bad",Rheinland-Pfalz,49.8083,7.8458,115
568,6197,Lügde-Paenbruch,Nordrhein-Westfalen,51.8664,9.271,258
569,6199,Steinhagen-Negast,Mecklenburg-Vorpommern,54.2484,13.0418,16
570,6217,Saarbrücken-Burbach,Saarland,49.2406,6.9351,190
571,6242,Mülheim-Kärlich,Rheinland-Pfalz,50.4088,7.489,64
572,6243,Philippsburg KKW,Baden-Württemberg,49.2506,8.4422,96
573,6244,Obrigheim,Baden-Württemberg,49.365,9.0804,145
574,6245,Neckarwestheim KKW,Baden-Württemberg,49.0423,9.1733,180
575,6246,Waldshut KKW,Baden-Württemberg,47.6213,8.2167,368
576,6247,Dogern (Leibstadt),Baden-Württemberg,47.6078,8.1813,307
577,6254,Hamburg-Lotsenhöft,Hamburg,53.5408,9.9528,19
578,6255,Perl/Saar,Saarland,49.4667,6.3968,351
579,6256,Bremgarten (Fessenheim),Baden-Württemberg,47.91,7.5838,201
580,6258,Friedrichshafen-Unterraderach,Baden-Württemberg,47.6845,9.4409,461
581,6259,Großerlach-Mannenweiler,Baden-Württemberg,49.021,9.6033,524
582,6260,Ingelfingen-Stachenhausen,Baden-Württemberg,49.3328,9.704,385
583,6262,Schwäbisch Gmünd-Weiler,Baden-Württemberg,48.7695,9.8737,413
584,6263,Singen,Baden-Württemberg,47.7738,8.8219,445
585,6264,Brilon-Thülen,Nordrhein-Westfalen,51.413999999999994,8.65,457
586,6265,Wusterwitz,Brandenburg,52.3613,12.3867,36
587,6266,Huy-Pabstorf,Sachsen-Anhalt,52.0304,10.9626,112
588,6272,Moorgrund Gräfen-Nitzendorf,Thüringen,50.8426,10.2518,283
589,6273,Demker,Sachsen-Anhalt,52.5075,11.8551,36
590,6275,Notzingen,Baden-Württemberg,48.6705,9.4627,325
591,6305,Mühlhausen/Thüringen-Görmar,Thüringen,51.2061,10.4978,193
592,6310,Karlshagen,Mecklenburg-Vorpommern,54.1049,13.8239,1
593,6312,Markt Erlbach-Mosbach,Bayern,49.5314,10.6418,362
594,6314,Nossen,Sachsen,51.0507,13.3003,308
595,6336,Lohr/Main-Halsbach,Bayern,50.0132,9.654,288
596,6337,Lüdinghausen-Brochtrup,Nordrhein-Westfalen,51.7663,7.5194,59
597,6344,Runkel-Ennerich,Hessen,50.394,8.1423,168
598,6346,Maisach-Galgen,Bayern,48.207,11.2035,531
599,6347,Schonungen-Mainberg,Bayern,50.0579,10.2972,304
600,7075,Elsendorf-Horneck,Bayern,48.702,11.8493,429
601,7099,Liebenburg-Othfresen,Niedersachsen,52.0111,10.3966,187
602,7105,Siegsdorf-Höll,Bayern,47.835,12.6548,719
603,7106,Bielefeld-Deppendorf,Nordrhein-Westfalen,52.0714,8.4565,105
604,7135,Aulendorf-Haslach,Baden-Württemberg,47.9655,9.6804,565
605,7187,Freudenberg/Main-Boxtal,Baden-Württemberg,49.7636,9.4063,193
606,7244,Neuglobsow (HM),Brandenburg,53.1424,13.0319,62
607,7298,Hattstedt,Schleswig-Holstein,54.5268,9.0425,5
608,7319,Donauwörth-Osterweiler,Bayern,48.7374,10.7393,435
609,7321,Olbersleben,Thüringen,51.1507,11.3321,160
610,7325,Schneefernerhaus,Bayern,47.4167,10.9794,2650
611,7329,Treuen,Sachsen,50.5467,12.2863,465
612,7330,Arnsberg-Neheim,Nordrhein-Westfalen,51.4633,7.978,159
613,7331,Hermaringen-Allewind,Baden-Württemberg,48.6099,10.2674,468
614,7341,Offenbach-Wetterpark,Hessen,50.09,8.7862,119
615,7343,Deutschneudorf-Brüderwiese,Sachsen,50.6199,13.4816,688
616,7350,Prackenbach-Neuhäusl,Bayern,49.1088,12.8231,585
617,7351,Feldberg/Mecklenburg,Mecklenburg-Vorpommern,53.3175,13.4175,116
618,7364,Jeßnitz,Sachsen-Anhalt,51.681999999999995,12.3042,74
619,7367,Alfeld,Niedersachsen,51.9643,9.8072,144
620,7368,Eisenach,Thüringen,51.0007,10.3621,312
621,7369,Feuchtwangen-Heilbronn,Bayern,49.1623,10.3661,475
622,7370,Waldmünchen,Bayern,49.391000000000005,12.6838,499
623,7373,Borkum-Flugplatz,Niedersachsen,53.5984,6.7024,3
624,7374,Ahaus,Nordrhein-Westfalen,52.0813,6.9409,46
625,7389,Heckelberg,Brandenburg,52.7461,13.8427,82
626,7393,Hoyerswerda,Sachsen,51.4493,14.2533,116
627,7394,Wunsiedel-Schönbrunn,Bayern,50.0315,11.9745,622
628,7395,Gottfrieding,Bayern,48.6595,12.5388,351
629,7396,Hoherodskopf/Vogelsberg,Hessen,50.5084,9.2247,743
630,7403,Leutkirch-Herlazhofen,Baden-Württemberg,47.7955,10.0324,672
631,7410,Neu-Ulrichstein,Hessen,50.7513,9.0224,350
632,7412,Neuhütten/Spessart,Bayern,50.0083,9.4238,340
633,7419,Langenwetzendorf-Göttendorf,Thüringen,50.661,12.0756,389
634,7420,Naumburg/Saale-Kreipitzsch,Sachsen-Anhalt,51.1044,11.7112,246
635,7424,Piding,Bayern,47.7724,12.9073,457
636,7427,Padenstedt (Pony-Park),Schleswig-Holstein,54.0188,9.9255,17
637,7428,Veilsdorf,Thüringen,50.4167,10.8156,397
638,7431,Oberhaching-Laufzorn,Bayern,48.013000000000005,11.5524,604
639,7432,Wittingen-Vorhop,Niedersachsen,52.6423,10.6627,72
640,13667,Freiburg-Mitte,Baden-Württemberg,48.0006,7.845,274
641,13670,Duisburg-Baerl,Nordrhein-Westfalen,51.5088,6.7018,24
642,13674,Waibstadt,Baden-Württemberg,49.2943,8.9053,237
643,13675,Hameln-Hastenbeck,Niedersachsen,52.0818,9.4077,77
644,13696,Waltrop-Abdinghof,Nordrhein-Westfalen,51.5966,7.4048,60
645,13700,Gevelsberg-Oberbröking,Nordrhein-Westfalen,51.3329,7.3411,205
646,13710,Landshut-Reithof,Bayern,48.5734,12.2576,490
647,13711,Krölpa-Rockendorf,Thüringen,50.681999999999995,11.515,289
648,13713,Meinerzhagen-Redlendorf,Nordrhein-Westfalen,51.0899,7.6289,386
649,13776,Hildesheim-Drispenstedt,Niedersachsen,52.1789,9.9524,85
650,13777,Helmstedt-Emmerstedt,Niedersachsen,52.2467,10.9592,110
651,13903,Bake Zulu,Niedersachsen,54.0167,8.3167,15
652,13904,Nordseeboje 2,Hamburg,55.0,6.3333,3
653,13965,Balingen-Bronnhaupten,Baden-Württemberg,48.2639,8.8134,619
654,14003,Kaufbeuren (Flugplatz),Bayern,47.8619,10.6144,728
655,14138,Falkenberg (Grenzschichtmessfeld),Brandenburg,52.1655,14.1224,73
656,15000,Aachen-Orsbach,Nordrhein-Westfalen,50.7983,6.0244,231
657,15207,Schauenburg-Elgershausen,Hessen,51.2835,9.359,317
658,15444,Ulm-Mähringen,Baden-Württemberg,48.4418,9.9216,593
659,15555,Kaufbeuren-Oberbeuren,Bayern,47.8761,10.5849,815
660,19171,Hasenkrug-Hardebek,Schleswig-Holstein,54.0038,9.8553,13
661,19172,Wacken,Schleswig-Holstein,54.0246,9.388,48
